ORDER_ID,PRODUCT_ID,CUSTOMER_ID,ORDER_DATE,QUANTITY,GROSS_REVENUE,DISCOUNT_RATE,NET_REVENUE,DISCOUNT_AMOUNT,SHIP_MODE,PROMOTION_TIER
183840,179163,15920,1996-09-16,41.00,50928.56,0.03,49400.70,1527.86,FOB,Low Discount
183840,181623,15920,1996-09-16,35.00,59661.70,0.04,57275.23,2386.47,TRUCK,Low Discount
183841,135130,116449,1994-01-30,5.00,5825.65,0.03,5650.88,174.77,TRUCK,Low Discount
183842,167723,96896,1992-03-04,25.00,44768.00,0.08,41186.56,3581.44,TRUCK,High Discount
183842,116616,96896,1992-03-04,47.00,76732.67,0.02,75198.02,1534.65,REG AIR,Low Discount
183842,160121,96896,1992-03-04,48.00,56693.76,0.01,56126.82,566.94,MAIL,Low Discount
183842,145404,96896,1992-03-04,15.00,21741.00,0.02,21306.18,434.82,MAIL,Low Discount
183843,48080,119230,1992-02-26,6.00,6168.48,0.06,5798.37,370.11,REG AIR,Medium Discount
183844,147197,19693,1998-02-11,35.00,43546.65,0.03,42240.25,1306.40,RAIL,Low Discount
183844,136522,19693,1998-02-11,18.00,28053.36,0.00,28053.36,0.00,AIR,No Promotion
183844,115308,19693,1998-02-11,14.00,18526.20,0.09,16858.84,1667.36,AIR,High Discount
183844,178426,19693,1998-02-11,43.00,64690.06,0.05,61455.56,3234.50,AIR,Medium Discount
183845,10447,58537,1995-01-21,11.00,14931.84,0.04,14334.57,597.27,RAIL,Low Discount
183845,175048,58537,1995-01-21,39.00,43798.56,0.02,42922.59,875.97,MAIL,Low Discount
183845,27198,58537,1995-01-21,47.00,52883.93,0.09,48124.38,4759.55,REG AIR,High Discount
183845,116074,58537,1995-01-21,48.00,52323.36,0.00,52323.36,0.00,RAIL,No Promotion
183845,48272,58537,1995-01-21,25.00,30506.75,0.05,28981.41,1525.34,TRUCK,Medium Discount
183845,101866,58537,1995-01-21,9.00,16810.74,0.03,16306.42,504.32,TRUCK,Low Discount
183846,179750,105869,1993-10-25,22.00,40254.50,0.02,39449.41,805.09,TRUCK,Low Discount
183846,43760,105869,1993-10-25,25.00,42594.00,0.01,42168.06,425.94,REG AIR,Low Discount
183846,59189,105869,1993-10-25,10.00,11481.80,0.10,10333.62,1148.18,SHIP,High Discount
183846,182038,105869,1993-10-25,34.00,38081.02,0.01,37700.21,380.81,FOB,Low Discount
183846,112651,105869,1993-10-25,8.00,13309.20,0.06,12510.65,798.55,RAIL,Medium Discount
183846,123254,105869,1993-10-25,28.00,35763.00,0.09,32544.33,3218.67,RAIL,High Discount
183847,128624,39446,1994-05-13,38.00,62799.56,0.10,56519.60,6279.96,REG AIR,High Discount
183847,169722,39446,1994-05-13,14.00,25084.08,0.08,23077.35,2006.73,TRUCK,High Discount
183847,109179,39446,1994-05-13,22.00,26139.74,0.07,24309.96,1829.78,REG AIR,Medium Discount
183873,68825,110350,1996-06-11,29.00,52020.78,0.10,46818.70,5202.08,FOB,High Discount
183873,134937,110350,1996-06-11,7.00,13803.51,0.05,13113.33,690.18,FOB,Medium Discount
183873,74078,110350,1996-06-11,15.00,15781.05,0.05,14992.00,789.05,AIR,Medium Discount
183873,22687,110350,1996-06-11,44.00,70825.92,0.08,65159.85,5666.07,FOB,High Discount
183873,91175,110350,1996-06-11,21.00,24489.57,0.09,22285.51,2204.06,TRUCK,High Discount
183873,172694,110350,1996-06-11,3.00,5300.07,0.07,4929.07,371.00,REG AIR,Medium Discount
183873,67818,110350,1996-06-11,32.00,57145.92,0.09,52002.79,5143.13,TRUCK,High Discount
183874,7990,42119,1996-06-25,30.00,56939.70,0.01,56370.30,569.40,MAIL,Low Discount
183874,83119,42119,1996-06-25,36.00,39675.96,0.00,39675.96,0.00,FOB,No Promotion
183874,178032,42119,1996-06-25,24.00,26640.72,0.05,25308.68,1332.04,TRUCK,Medium Discount
183874,182810,42119,1996-06-25,15.00,28392.15,0.03,27540.39,851.76,TRUCK,Low Discount
183874,77054,42119,1996-06-25,11.00,11341.55,0.09,10320.81,1020.74,SHIP,High Discount
183875,156375,41161,1997-01-08,49.00,70137.13,0.00,70137.13,0.00,SHIP,No Promotion
183875,190244,41161,1997-01-08,28.00,37358.72,0.10,33622.85,3735.87,REG AIR,High Discount
183875,14417,41161,1997-01-08,44.00,58582.04,0.04,56238.76,2343.28,SHIP,Low Discount
183875,102239,41161,1997-01-08,49.00,60820.27,0.08,55954.65,4865.62,REG AIR,High Discount
183875,121714,41161,1997-01-08,43.00,74635.53,0.05,70903.75,3731.78,FOB,Medium Discount
183875,32574,41161,1997-01-08,29.00,43690.53,0.09,39758.38,3932.15,TRUCK,High Discount
183875,63834,41161,1997-01-08,40.00,71913.20,0.02,70474.94,1438.26,SHIP,Low Discount
183876,52738,121427,1997-07-15,8.00,13525.84,0.07,12579.03,946.81,AIR,Medium Discount
183877,135839,70822,1993-08-07,9.00,16873.47,0.03,16367.27,506.20,AIR,Low Discount
183877,33976,70822,1993-08-07,50.00,95498.50,0.06,89768.59,5729.91,TRUCK,Medium Discount
183877,27686,70822,1993-08-07,44.00,71001.92,0.04,68161.84,2840.08,AIR,Low Discount
183877,108337,70822,1993-08-07,44.00,59194.52,0.07,55050.90,4143.62,SHIP,Medium Discount
183877,12164,70822,1993-08-07,9.00,9685.44,0.06,9104.31,581.13,FOB,Medium Discount
183877,30721,70822,1993-08-07,28.00,46248.16,0.08,42548.31,3699.85,FOB,High Discount
183878,31385,48001,1994-12-26,13.00,17112.94,0.06,16086.16,1026.78,FOB,Medium Discount
183878,78591,48001,1994-12-26,37.00,58074.83,0.04,55751.84,2322.99,AIR,Low Discount
183878,77074,48001,1994-12-26,20.00,21021.40,0.07,19549.90,1471.50,RAIL,Medium Discount
183879,143269,28904,1993-03-03,36.00,47241.36,0.05,44879.29,2362.07,REG AIR,Medium Discount
183904,56779,79322,1993-02-08,7.00,12150.39,0.08,11178.36,972.03,REG AIR,High Discount
183904,82155,79322,1993-02-08,27.00,30703.05,0.06,28860.87,1842.18,SHIP,Medium Discount
183904,177029,79322,1993-02-08,44.00,48664.88,0.03,47204.93,1459.95,MAIL,Low Discount
183905,104464,104341,1997-01-09,48.00,70486.08,0.06,66256.92,4229.16,REG AIR,Medium Discount
183905,113088,104341,1997-01-09,14.00,15415.12,0.04,14798.52,616.60,FOB,Low Discount
183905,63351,104341,1997-01-09,42.00,55202.70,0.04,52994.59,2208.11,FOB,Low Discount
183905,131870,104341,1997-01-09,19.00,36135.53,0.05,34328.75,1806.78,AIR,Medium Discount
183905,127577,104341,1997-01-09,6.00,9627.42,0.07,8953.50,673.92,AIR,Medium Discount
183905,176459,104341,1997-01-09,9.00,13819.05,0.05,13128.10,690.95,RAIL,Medium Discount
183905,132936,104341,1997-01-09,41.00,80726.13,0.08,74268.04,6458.09,AIR,High Discount
183906,46542,241,1995-06-06,32.00,47633.28,0.02,46680.61,952.67,FOB,Low Discount
183906,29293,241,1995-06-06,31.00,37890.99,0.01,37512.08,378.91,FOB,Low Discount
183906,121237,241,1995-06-06,42.00,52845.66,0.05,50203.38,2642.28,REG AIR,Medium Discount
183906,18539,241,1995-06-06,17.00,24778.01,0.03,24034.67,743.34,AIR,Low Discount
183906,183684,241,1995-06-06,2.00,3535.36,0.05,3358.59,176.77,FOB,Medium Discount
183907,121431,112,1994-06-12,17.00,24691.31,0.09,22469.09,2222.22,REG AIR,High Discount
183907,89600,112,1994-06-12,12.00,19075.20,0.04,18312.19,763.01,TRUCK,Low Discount
183907,102082,112,1994-06-12,49.00,53119.92,0.06,49932.72,3187.20,RAIL,Medium Discount
183908,178199,63445,1992-07-19,17.00,21712.23,0.02,21277.99,434.24,FOB,Low Discount
183908,176576,63445,1992-07-19,39.00,64450.23,0.06,60583.22,3867.01,RAIL,Medium Discount
183908,110827,63445,1992-07-19,9.00,16540.38,0.01,16374.98,165.40,RAIL,Low Discount
183908,60515,63445,1992-07-19,39.00,57544.89,0.01,56969.44,575.45,SHIP,Low Discount
183908,64166,63445,1992-07-19,23.00,25993.68,0.04,24953.93,1039.75,TRUCK,Low Discount
183908,24687,63445,1992-07-19,35.00,56408.80,0.07,52460.18,3948.62,TRUCK,Medium Discount
183908,100652,63445,1992-07-19,31.00,51232.15,0.02,50207.51,1024.64,RAIL,Low Discount
183909,55796,104012,1992-02-05,23.00,40291.17,0.02,39485.35,805.82,TRUCK,Low Discount
183909,154036,104012,1992-02-05,18.00,19620.54,0.06,18443.31,1177.23,AIR,Medium Discount
183909,72831,104012,1992-02-05,22.00,39684.26,0.10,35715.83,3968.43,SHIP,High Discount
183909,60129,104012,1992-02-05,39.00,42475.68,0.00,42475.68,0.00,MAIL,No Promotion
183909,186832,104012,1992-02-05,4.00,7675.32,0.01,7598.57,76.75,TRUCK,Low Discount
183910,122302,29345,1994-07-12,43.00,56944.90,0.08,52389.31,4555.59,RAIL,High Discount
183910,124997,29345,1994-07-12,17.00,34373.83,0.04,32998.88,1374.95,AIR,Low Discount
183910,12826,29345,1994-07-12,11.00,19127.02,0.09,17405.59,1721.43,TRUCK,High Discount
183910,152639,29345,1994-07-12,36.00,60898.68,0.04,58462.73,2435.95,MAIL,Low Discount
183910,188530,29345,1994-07-12,29.00,46937.37,0.06,44121.13,2816.24,AIR,Medium Discount
183910,7224,29345,1994-07-12,37.00,41855.14,0.08,38506.73,3348.41,AIR,High Discount
183910,556,29345,1994-07-12,18.00,26217.90,0.07,24382.65,1835.25,TRUCK,Medium Discount
183911,128011,147910,1992-02-17,24.00,24936.24,0.09,22691.98,2244.26,AIR,High Discount
183911,64632,147910,1992-02-17,47.00,75041.61,0.10,67537.45,7504.16,AIR,High Discount
183936,82776,93610,1996-09-16,49.00,86179.73,0.10,77561.76,8617.97,REG AIR,High Discount
183936,199647,93610,1996-09-16,31.00,54145.84,0.09,49272.71,4873.13,AIR,High Discount
183936,61070,93610,1996-09-16,3.00,3093.21,0.03,3000.41,92.80,SHIP,Low Discount
183937,86884,77191,1995-11-10,4.00,7483.52,0.09,6810.00,673.52,FOB,High Discount
183938,180618,136090,1995-12-17,26.00,44163.86,0.09,40189.11,3974.75,RAIL,High Discount
183938,37936,136090,1995-12-17,41.00,76831.13,0.05,72989.57,3841.56,RAIL,Medium Discount
183938,186710,136090,1995-12-17,31.00,55698.01,0.00,55698.01,0.00,FOB,No Promotion
183938,24091,136090,1995-12-17,32.00,32482.88,0.09,29559.42,2923.46,RAIL,High Discount
183938,85985,136090,1995-12-17,6.00,11825.88,0.02,11589.36,236.52,SHIP,Low Discount
183939,103851,33187,1995-12-15,29.00,53790.65,0.08,49487.40,4303.25,TRUCK,High Discount
183940,130158,67532,1996-01-28,46.00,54654.90,0.08,50282.51,4372.39,REG AIR,High Discount
183940,150325,67532,1996-01-28,27.00,37133.64,0.08,34162.95,2970.69,TRUCK,High Discount
183940,112045,67532,1996-01-28,21.00,22197.84,0.07,20643.99,1553.85,RAIL,Medium Discount
183940,134075,67532,1996-01-28,21.00,23290.47,0.01,23057.57,232.90,MAIL,Low Discount
183941,18277,99343,1996-07-05,49.00,58568.23,0.00,58568.23,0.00,RAIL,No Promotion
183941,167029,99343,1996-07-05,34.00,37264.68,0.06,35028.80,2235.88,REG AIR,Medium Discount
183941,52781,99343,1996-07-05,13.00,22539.14,0.10,20285.23,2253.91,FOB,High Discount
183941,79699,99343,1996-07-05,12.00,20144.28,0.10,18129.85,2014.43,AIR,High Discount
183942,207,135172,1997-03-08,9.00,9964.80,0.06,9366.91,597.89,TRUCK,Medium Discount
183942,71011,135172,1997-03-08,17.00,16694.17,0.03,16193.34,500.83,FOB,Low Discount
183942,72118,135172,1997-03-08,20.00,21802.20,0.00,21802.20,0.00,MAIL,No Promotion
183942,71605,135172,1997-03-08,49.00,77253.40,0.10,69528.06,7725.34,AIR,High Discount
183942,50809,135172,1997-03-08,34.00,59833.20,0.00,59833.20,0.00,FOB,No Promotion
183942,135327,135172,1997-03-08,17.00,23159.44,0.07,21538.28,1621.16,SHIP,Medium Discount
183943,181381,77270,1996-09-04,32.00,46796.16,0.00,46796.16,0.00,AIR,No Promotion
183943,59661,77270,1996-09-04,29.00,46999.14,0.05,44649.18,2349.96,FOB,Medium Discount
183943,114582,77270,1996-09-04,17.00,27141.86,0.06,25513.35,1628.51,AIR,Medium Discount
183943,168736,77270,1996-09-04,41.00,73993.93,0.03,71774.11,2219.82,SHIP,Low Discount
183943,138371,77270,1996-09-04,11.00,15503.07,0.05,14727.92,775.15,MAIL,Medium Discount
183943,199845,77270,1996-09-04,2.00,3889.68,0.05,3695.20,194.48,RAIL,Medium Discount
183968,164,111625,1992-02-28,40.00,42566.40,0.06,40012.42,2553.98,AIR,Medium Discount
183968,142066,111625,1992-02-28,8.00,8864.48,0.10,7978.03,886.45,AIR,High Discount
183968,95145,111625,1992-02-28,9.00,10261.26,0.10,9235.13,1026.13,SHIP,High Discount
183968,94138,111625,1992-02-28,7.00,7924.91,0.02,7766.41,158.50,RAIL,Low Discount
183969,64644,5560,1997-09-28,23.00,36998.72,0.00,36998.72,0.00,TRUCK,No Promotion
183969,71478,5560,1997-09-28,41.00,59428.27,0.08,54674.01,4754.26,REG AIR,High Discount
183969,119061,5560,1997-09-28,22.00,23761.32,0.05,22573.25,1188.07,TRUCK,Medium Discount
183969,46285,5560,1997-09-28,18.00,22163.04,0.10,19946.74,2216.30,MAIL,High Discount
183969,108275,5560,1997-09-28,4.00,5133.08,0.01,5081.75,51.33,SHIP,Low Discount
183969,166718,5560,1997-09-28,40.00,71388.40,0.03,69246.75,2141.65,RAIL,Low Discount
183970,167618,116401,1994-03-23,41.00,69110.01,0.00,69110.01,0.00,TRUCK,No Promotion
183970,146763,116401,1994-03-23,1.00,1809.76,0.04,1737.37,72.39,REG AIR,Low Discount
183970,31018,116401,1994-03-23,13.00,12337.13,0.10,11103.42,1233.71,FOB,High Discount
183970,108964,116401,1994-03-23,15.00,29594.40,0.10,26634.96,2959.44,REG AIR,High Discount
183970,154997,116401,1994-03-23,48.00,98495.52,0.09,89630.92,8864.60,MAIL,High Discount
183970,27597,116401,1994-03-23,34.00,51836.06,0.06,48725.90,3110.16,AIR,Medium Discount
183971,187978,36088,1996-11-05,10.00,20659.70,0.00,20659.70,0.00,RAIL,No Promotion
183971,135758,36088,1996-11-05,13.00,23318.75,0.09,21220.06,2098.69,RAIL,High Discount
183971,70136,36088,1996-11-05,35.00,38714.55,0.09,35230.24,3484.31,MAIL,High Discount
183971,163341,36088,1996-11-05,16.00,22469.44,0.06,21121.27,1348.17,MAIL,Medium Discount
183971,62560,36088,1996-11-05,43.00,65470.08,0.04,62851.28,2618.80,REG AIR,Low Discount
183972,17037,76723,1993-12-13,12.00,11448.36,0.07,10646.97,801.39,SHIP,Medium Discount
183972,133065,76723,1993-12-13,11.00,12078.66,0.08,11112.37,966.29,AIR,High Discount
183973,15680,73897,1993-10-01,15.00,23935.20,0.04,22977.79,957.41,AIR,Low Discount
183973,131230,73897,1993-10-01,26.00,32791.98,0.08,30168.62,2623.36,SHIP,High Discount
183973,166978,73897,1993-10-01,23.00,47034.31,0.05,44682.59,2351.72,REG AIR,Medium Discount
183974,76399,107126,1995-03-01,50.00,68769.50,0.06,64643.33,4126.17,SHIP,Medium Discount
183974,32401,107126,1995-03-01,47.00,62669.80,0.03,60789.71,1880.09,RAIL,Low Discount
183974,158399,107126,1995-03-01,50.00,72869.50,0.01,72140.81,728.70,SHIP,Low Discount
183974,11496,107126,1995-03-01,44.00,61929.56,0.04,59452.38,2477.18,MAIL,Low Discount
183975,118460,13096,1994-09-11,13.00,19219.98,0.02,18835.58,384.40,TRUCK,Low Discount
183975,147472,13096,1994-09-11,7.00,10636.29,0.04,10210.84,425.45,TRUCK,Low Discount
183975,149965,13096,1994-09-11,36.00,72538.56,0.06,68186.25,4352.31,TRUCK,Medium Discount
183975,47744,13096,1994-09-11,44.00,74436.56,0.03,72203.46,2233.10,SHIP,Low Discount
183975,21243,13096,1994-09-11,40.00,46569.60,0.00,46569.60,0.00,AIR,No Promotion
183975,20346,13096,1994-09-11,36.00,45588.24,0.06,42852.95,2735.29,FOB,Medium Discount
183975,140386,13096,1994-09-11,5.00,7131.90,0.02,6989.26,142.64,SHIP,Low Discount
184000,62355,38170,1993-05-06,34.00,44789.90,0.01,44342.00,447.90,RAIL,Low Discount
184000,197954,38170,1993-05-06,2.00,4103.90,0.03,3980.78,123.12,TRUCK,Low Discount
184000,10932,38170,1993-05-06,34.00,62659.62,0.04,60153.24,2506.38,FOB,Low Discount
184000,132592,38170,1993-05-06,8.00,12996.72,0.06,12216.92,779.80,FOB,Medium Discount
184000,63154,38170,1993-05-06,46.00,51388.90,0.05,48819.46,2569.45,SHIP,Medium Discount
184001,91483,112285,1993-03-26,6.00,8846.88,0.08,8139.13,707.75,TRUCK,High Discount
184001,146945,112285,1993-03-26,12.00,23903.28,0.04,22947.15,956.13,SHIP,Low Discount
184001,98308,112285,1993-03-26,30.00,39189.00,0.09,35661.99,3527.01,AIR,High Discount
184001,56895,112285,1993-03-26,26.00,48149.14,0.10,43334.23,4814.91,TRUCK,High Discount
184001,28298,112285,1993-03-26,8.00,9810.32,0.02,9614.11,196.21,FOB,Low Discount
184001,194810,112285,1993-03-26,3.00,5714.43,0.01,5657.29,57.14,MAIL,Low Discount
184001,157251,112285,1993-03-26,45.00,58871.25,0.03,57105.11,1766.14,TRUCK,Low Discount
184002,102990,149059,1992-06-20,17.00,33880.83,0.05,32186.79,1694.04,SHIP,Medium Discount
184003,194975,58088,1992-12-25,19.00,39329.43,0.00,39329.43,0.00,AIR,No Promotion
184003,144736,58088,1992-12-25,28.00,49860.44,0.02,48863.23,997.21,REG AIR,Low Discount
184003,164534,58088,1992-12-25,19.00,30372.07,0.09,27638.58,2733.49,TRUCK,High Discount
184003,113492,58088,1992-12-25,3.00,4516.47,0.07,4200.32,316.15,MAIL,Medium Discount
184003,56079,58088,1992-12-25,31.00,32087.17,0.08,29520.20,2566.97,AIR,High Discount
184004,51619,71222,1992-09-05,34.00,53400.74,0.08,49128.68,4272.06,REG AIR,High Discount
184004,148876,71222,1992-09-05,42.00,80844.54,0.05,76802.31,4042.23,TRUCK,Medium Discount
184004,142797,71222,1992-09-05,21.00,38635.59,0.03,37476.52,1159.07,RAIL,Low Discount
184005,117276,17126,1998-03-19,23.00,29745.21,0.06,27960.50,1784.71,FOB,Medium Discount
184005,51916,17126,1998-03-19,23.00,42961.93,0.00,42961.93,0.00,RAIL,No Promotion
184006,87264,120355,1996-10-20,9.00,11261.34,0.01,11148.73,112.61,AIR,Low Discount
184006,45866,120355,1996-10-20,42.00,76098.12,0.10,68488.31,7609.81,MAIL,High Discount
184007,100099,45175,1996-06-13,50.00,54954.50,0.06,51657.23,3297.27,REG AIR,Medium Discount
184007,151497,45175,1996-06-13,37.00,57294.13,0.02,56148.25,1145.88,MAIL,Low Discount
184007,196287,45175,1996-06-13,44.00,60864.32,0.01,60255.68,608.64,TRUCK,Low Discount
184007,192714,45175,1996-06-13,36.00,65041.56,0.02,63740.73,1300.83,TRUCK,Low Discount
184007,129024,45175,1996-06-13,48.00,50544.96,0.00,50544.96,0.00,TRUCK,No Promotion
184007,90861,45175,1996-06-13,25.00,46296.50,0.08,42592.78,3703.72,TRUCK,High Discount
184007,88726,45175,1996-06-13,7.00,12003.04,0.06,11282.86,720.18,TRUCK,Medium Discount
184032,9076,77269,1994-03-23,43.00,42358.01,0.10,38122.21,4235.80,AIR,High Discount
184032,128073,77269,1994-03-23,9.00,9909.63,0.02,9711.44,198.19,FOB,Low Discount
184033,99590,83335,1995-06-12,50.00,79479.50,0.07,73915.94,5563.57,SHIP,Medium Discount
184035,152276,143183,1997-10-26,45.00,59772.15,0.10,53794.94,5977.22,REG AIR,High Discount
184035,94685,143183,1997-10-26,48.00,80624.64,0.05,76593.41,4031.23,AIR,Medium Discount
184036,117432,22255,1998-07-10,48.00,69572.64,0.04,66789.73,2782.91,SHIP,Low Discount
184036,68872,22255,1998-07-10,28.00,51544.36,0.03,49998.03,1546.33,MAIL,Low Discount
184037,115492,62905,1995-12-23,42.00,63314.58,0.08,58249.41,5065.17,SHIP,High Discount
184037,57525,62905,1995-12-23,17.00,25202.84,0.08,23186.61,2016.23,AIR,High Discount
184037,12896,62905,1995-12-23,1.00,1808.89,0.06,1700.36,108.53,RAIL,Medium Discount
184038,11786,34969,1994-06-09,5.00,8488.90,0.06,7979.57,509.33,RAIL,Medium Discount
184038,81946,34969,1994-06-09,12.00,23135.28,0.00,23135.28,0.00,FOB,No Promotion
184038,51894,34969,1994-06-09,25.00,46147.25,0.05,43839.89,2307.36,FOB,Medium Discount
184038,176083,34969,1994-06-09,22.00,25499.76,0.04,24479.77,1019.99,AIR,Low Discount
184064,29663,72634,1997-03-10,22.00,35038.52,0.01,34688.13,350.39,REG AIR,Low Discount
184064,142242,72634,1997-03-10,24.00,30821.76,0.06,28972.45,1849.31,AIR,Medium Discount
184064,59888,72634,1997-03-10,16.00,29566.08,0.04,28383.44,1182.64,SHIP,Low Discount
184064,128738,72634,1997-03-10,19.00,33567.87,0.09,30546.76,3021.11,REG AIR,High Discount
184064,88867,72634,1997-03-10,37.00,68666.82,0.00,68666.82,0.00,MAIL,No Promotion
184064,174206,72634,1997-03-10,12.00,15362.40,0.04,14747.90,614.50,RAIL,Low Discount
184064,73958,72634,1997-03-10,22.00,42502.90,0.00,42502.90,0.00,TRUCK,No Promotion
184065,1230,37346,1997-04-27,21.00,23755.83,0.00,23755.83,0.00,TRUCK,No Promotion
184065,58951,37346,1997-04-27,49.00,93587.55,0.05,88908.17,4679.38,TRUCK,Medium Discount
184065,185235,37346,1997-04-27,40.00,52809.20,0.04,50696.83,2112.37,AIR,Low Discount
184065,42544,37346,1997-04-27,4.00,5946.16,0.05,5648.85,297.31,SHIP,Medium Discount
184066,172819,68077,1994-10-21,39.00,73780.59,0.04,70829.37,2951.22,AIR,Low Discount
184066,166983,68077,1994-10-21,27.00,55349.46,0.01,54795.97,553.49,MAIL,Low Discount
184066,78913,68077,1994-10-21,14.00,26486.74,0.07,24632.67,1854.07,MAIL,Medium Discount
184066,75823,68077,1994-10-21,6.00,10792.92,0.08,9929.49,863.43,SHIP,High Discount
184066,140467,68077,1994-10-21,22.00,33164.12,0.00,33164.12,0.00,RAIL,No Promotion
184066,12927,68077,1994-10-21,22.00,40478.24,0.06,38049.55,2428.69,MAIL,Medium Discount
184067,3447,111625,1993-09-28,33.00,44564.52,0.01,44118.87,445.65,RAIL,Low Discount
184067,118177,111625,1993-09-28,14.00,16732.38,0.03,16230.41,501.97,RAIL,Low Discount
184067,460,111625,1993-09-28,31.00,42174.26,0.09,38378.58,3795.68,RAIL,High Discount
184067,114714,111625,1993-09-28,22.00,38031.62,0.03,36890.67,1140.95,FOB,Low Discount
184067,191135,111625,1993-09-28,7.00,8582.91,0.04,8239.59,343.32,AIR,Low Discount
184067,3306,111625,1993-09-28,2.00,2418.60,0.07,2249.30,169.30,SHIP,Medium Discount
184067,153952,111625,1993-09-28,18.00,36107.10,0.02,35384.96,722.14,MAIL,Low Discount
184068,60343,1640,1997-06-14,22.00,28673.48,0.04,27526.54,1146.94,TRUCK,Low Discount
184068,183201,1640,1997-06-14,1.00,1284.20,0.01,1271.36,12.84,REG AIR,Low Discount
184068,49493,1640,1997-06-14,24.00,34619.76,0.05,32888.77,1730.99,FOB,Medium Discount
184069,66455,105430,1995-08-10,5.00,7107.25,0.01,7036.18,71.07,RAIL,Low Discount
184069,95906,105430,1995-08-10,12.00,22822.80,0.02,22366.34,456.46,FOB,Low Discount
184070,13032,4504,1993-05-24,2.00,1890.06,0.08,1738.86,151.20,MAIL,High Discount
184071,95488,80602,1995-01-10,31.00,45987.88,0.02,45068.12,919.76,SHIP,Low Discount
184071,64448,80602,1995-01-10,1.00,1412.44,0.08,1299.44,113.00,RAIL,High Discount
184071,162032,80602,1995-01-10,18.00,19692.54,0.05,18707.91,984.63,TRUCK,Medium Discount
184071,60427,80602,1995-01-10,4.00,5549.68,0.05,5272.20,277.48,REG AIR,Medium Discount
184096,81785,17341,1997-12-10,41.00,72437.98,0.04,69540.46,2897.52,MAIL,Low Discount
184096,156477,17341,1997-12-10,42.00,64405.74,0.04,61829.51,2576.23,MAIL,Low Discount
184097,130046,124262,1992-07-10,3.00,3228.12,0.09,2937.59,290.53,TRUCK,High Discount
184097,80636,124262,1992-07-10,2.00,3233.26,0.08,2974.60,258.66,MAIL,High Discount
184097,34301,124262,1992-07-10,45.00,55588.50,0.01,55032.62,555.89,SHIP,Low Discount
184097,93902,124262,1992-07-10,8.00,15167.20,0.10,13650.48,1516.72,AIR,High Discount
184097,8629,124262,1992-07-10,40.00,61504.80,0.09,55969.37,5535.43,TRUCK,High Discount
184097,19855,124262,1992-07-10,15.00,26622.75,0.03,25824.07,798.68,REG AIR,Low Discount
184098,38233,7856,1994-05-12,20.00,23424.60,0.09,21316.39,2108.21,MAIL,High Discount
184098,165855,7856,1994-05-12,21.00,40337.85,0.10,36304.07,4033.79,AIR,High Discount
184098,122753,7856,1994-05-12,34.00,60375.50,0.01,59771.75,603.76,AIR,Low Discount
184098,98692,7856,1994-05-12,21.00,35504.49,0.01,35149.45,355.04,REG AIR,Low Discount
184098,103479,7856,1994-05-12,4.00,5929.88,0.00,5929.88,0.00,FOB,No Promotion
184099,54376,30607,1994-05-21,34.00,45232.58,0.10,40709.32,4523.26,TRUCK,High Discount
184099,89553,30607,1994-05-21,2.00,3085.10,0.01,3054.25,30.85,TRUCK,Low Discount
184099,108791,30607,1994-05-21,48.00,86389.92,0.03,83798.22,2591.70,SHIP,Low Discount
184099,34116,30607,1994-05-21,36.00,37803.96,0.04,36291.80,1512.16,RAIL,Low Discount
184099,183376,30607,1994-05-21,36.00,52537.32,0.07,48859.71,3677.61,RAIL,Medium Discount
184100,168530,38575,1998-07-21,16.00,25576.48,0.02,25064.95,511.53,FOB,Low Discount
184100,68414,38575,1998-07-21,45.00,62208.45,0.08,57231.77,4976.68,TRUCK,High Discount
184100,32715,38575,1998-07-21,10.00,16477.10,0.06,15488.47,988.63,SHIP,Medium Discount
184100,25804,38575,1998-07-21,4.00,6919.20,0.09,6296.47,622.73,AIR,High Discount
184100,83663,38575,1998-07-21,38.00,62573.08,0.01,61947.35,625.73,SHIP,Low Discount
184100,117209,38575,1998-07-21,6.00,7357.20,0.06,6915.77,441.43,REG AIR,Medium Discount
184100,129997,38575,1998-07-21,6.00,12161.94,0.07,11310.60,851.34,REG AIR,Medium Discount
184101,44963,148325,1992-02-20,19.00,36251.24,0.02,35526.22,725.02,RAIL,Low Discount
184101,76512,148325,1992-02-20,41.00,61028.91,0.01,60418.62,610.29,REG AIR,Low Discount
184101,126656,148325,1992-02-20,33.00,55527.45,0.02,54416.90,1110.55,REG AIR,Low Discount
184102,99528,38597,1995-08-17,11.00,16802.72,0.02,16466.67,336.05,RAIL,Low Discount
184102,162145,38597,1995-08-17,2.00,2414.28,0.09,2196.99,217.29,TRUCK,High Discount
184102,169219,38597,1995-08-17,33.00,42510.93,0.08,39110.06,3400.87,MAIL,High Discount
184102,55551,38597,1995-08-17,35.00,52729.25,0.02,51674.67,1054.59,SHIP,Low Discount
184102,42813,38597,1995-08-17,39.00,68476.59,0.06,64367.99,4108.60,RAIL,Medium Discount
184102,146568,38597,1995-08-17,23.00,37134.88,0.05,35278.14,1856.74,AIR,Medium Discount
184102,161959,38597,1995-08-17,17.00,34356.15,0.06,32294.78,2061.37,FOB,Medium Discount
184103,37933,99445,1992-02-13,20.00,37418.60,0.06,35173.48,2245.12,MAIL,Medium Discount
184128,13216,52777,1993-07-03,32.00,36134.72,0.05,34327.98,1806.74,RAIL,Medium Discount
184128,109311,52777,1993-07-03,38.00,50171.78,0.09,45656.32,4515.46,FOB,High Discount
184128,180381,52777,1993-07-03,10.00,14613.80,0.10,13152.42,1461.38,MAIL,High Discount
184128,60062,52777,1993-07-03,30.00,30661.80,0.05,29128.71,1533.09,RAIL,Medium Discount
184128,53897,52777,1993-07-03,5.00,9254.45,0.10,8329.01,925.45,REG AIR,High Discount
184128,31642,52777,1993-07-03,27.00,42488.28,0.07,39514.10,2974.18,SHIP,Medium Discount
184129,79585,60100,1998-05-01,15.00,23468.70,0.07,21825.89,1642.81,AIR,Medium Discount
184130,27476,126934,1997-06-04,19.00,26665.93,0.09,24266.00,2399.93,TRUCK,High Discount
184130,173911,126934,1997-06-04,27.00,53592.57,0.09,48769.24,4823.33,RAIL,High Discount
184131,102577,56381,1997-07-20,49.00,77398.93,0.00,77398.93,0.00,TRUCK,No Promotion
184131,10143,56381,1997-07-20,46.00,48444.44,0.03,46991.11,1453.33,SHIP,Low Discount
184131,58977,56381,1997-07-20,46.00,89054.62,0.07,82820.80,6233.82,TRUCK,Medium Discount
184132,183214,38839,1993-08-02,34.00,44105.14,0.00,44105.14,0.00,FOB,No Promotion
184132,74082,38839,1993-08-02,36.00,38018.88,0.03,36878.31,1140.57,FOB,Low Discount
184133,107031,101165,1994-01-04,36.00,37369.08,0.07,34753.24,2615.84,MAIL,Medium Discount
184133,57517,101165,1994-01-04,12.00,17694.12,0.07,16455.53,1238.59,SHIP,Medium Discount
184133,80663,101165,1994-01-04,34.00,55884.44,0.07,51972.53,3911.91,AIR,Medium Discount
184133,93777,101165,1994-01-04,8.00,14166.16,0.07,13174.53,991.63,RAIL,Medium Discount
184133,93291,101165,1994-01-04,35.00,44950.15,0.08,41354.14,3596.01,REG AIR,High Discount
184133,139248,101165,1994-01-04,33.00,42478.92,0.05,40354.97,2123.95,SHIP,Medium Discount
184133,126991,101165,1994-01-04,36.00,72647.64,0.04,69741.73,2905.91,REG AIR,Low Discount
184134,121166,16967,1992-06-08,32.00,37989.12,0.04,36469.56,1519.56,REG AIR,Low Discount
184134,25519,16967,1992-06-08,13.00,18778.63,0.01,18590.84,187.79,SHIP,Low Discount
184134,89411,16967,1992-06-08,10.00,14004.10,0.08,12883.77,1120.33,TRUCK,High Discount
184134,119870,16967,1992-06-08,38.00,71815.06,0.09,65351.70,6463.36,MAIL,High Discount
184134,39663,16967,1992-06-08,11.00,17629.26,0.10,15866.33,1762.93,AIR,High Discount
184135,8965,4346,1995-05-02,27.00,50596.92,0.00,50596.92,0.00,MAIL,No Promotion
184135,66495,4346,1995-05-02,13.00,18999.37,0.08,17479.42,1519.95,TRUCK,High Discount
184160,76587,127678,1998-01-02,26.00,40653.08,0.10,36587.77,4065.31,TRUCK,High Discount
184160,182715,127678,1998-01-02,24.00,43145.04,0.01,42713.59,431.45,MAIL,Low Discount
184160,85494,127678,1998-01-02,35.00,51782.15,0.03,50228.69,1553.46,RAIL,Low Discount
184160,97175,127678,1998-01-02,3.00,3516.51,0.10,3164.86,351.65,AIR,High Discount
184160,19939,127678,1998-01-02,31.00,57626.83,0.10,51864.15,5762.68,SHIP,High Discount
184160,107657,127678,1998-01-02,14.00,23305.10,0.08,21440.69,1864.41,MAIL,High Discount
184160,190718,127678,1998-01-02,21.00,37982.91,0.08,34944.28,3038.63,SHIP,High Discount
184161,180828,117872,1997-06-15,16.00,30541.12,0.09,27792.42,2748.70,RAIL,High Discount
184161,174948,117872,1997-06-15,41.00,82940.54,0.07,77134.70,5805.84,REG AIR,Medium Discount
184161,143302,117872,1997-06-15,50.00,67265.00,0.01,66592.35,672.65,RAIL,Low Discount
184161,66498,117872,1997-06-15,6.00,8786.94,0.00,8786.94,0.00,FOB,No Promotion
184161,25086,117872,1997-06-15,30.00,30332.40,0.06,28512.46,1819.94,FOB,Medium Discount
184161,7162,117872,1997-06-15,44.00,47043.04,0.05,44690.89,2352.15,REG AIR,Medium Discount
184161,164909,117872,1997-06-15,33.00,65138.70,0.04,62533.15,2605.55,SHIP,Low Discount
184162,21889,11404,1995-11-28,36.00,65191.68,0.08,59976.35,5215.33,AIR,High Discount
184162,74678,11404,1995-11-28,41.00,67759.47,0.07,63016.31,4743.16,SHIP,Medium Discount
184162,99075,11404,1995-11-28,41.00,44036.87,0.02,43156.13,880.74,RAIL,Low Discount
184162,141107,11404,1995-11-28,10.00,11481.00,0.08,10562.52,918.48,TRUCK,High Discount
184162,180178,11404,1995-11-28,33.00,41519.61,0.00,41519.61,0.00,RAIL,No Promotion
184162,43468,11404,1995-11-28,17.00,23994.82,0.04,23035.03,959.79,REG AIR,Low Discount
184163,83843,103081,1997-05-08,33.00,60285.72,0.00,60285.72,0.00,AIR,No Promotion
184163,145052,103081,1997-05-08,31.00,34008.55,0.04,32648.21,1360.34,TRUCK,Low Discount
184163,74860,103081,1997-05-08,14.00,25688.04,0.08,23633.00,2055.04,SHIP,High Discount
184164,25640,111584,1996-03-10,8.00,12525.12,0.06,11773.61,751.51,FOB,Medium Discount
184164,130144,111584,1996-03-10,24.00,28179.36,0.01,27897.57,281.79,SHIP,Low Discount
184164,129666,111584,1996-03-10,13.00,22043.58,0.10,19839.22,2204.36,FOB,High Discount
184164,83031,111584,1996-03-10,28.00,28392.84,0.05,26973.20,1419.64,MAIL,Medium Discount
184164,95378,111584,1996-03-10,16.00,21973.92,0.03,21314.70,659.22,RAIL,Low Discount
184165,197217,84838,1998-07-18,20.00,26284.20,0.01,26021.36,262.84,SHIP,Low Discount
184165,23549,84838,1998-07-18,2.00,2945.08,0.03,2856.73,88.35,MAIL,Low Discount
184165,183656,84838,1998-07-18,14.00,24355.10,0.10,21919.59,2435.51,MAIL,High Discount
184165,98196,84838,1998-07-18,1.00,1194.19,0.06,1122.54,71.65,RAIL,Medium Discount
184165,174314,84838,1998-07-18,37.00,51367.47,0.01,50853.80,513.67,TRUCK,Low Discount
184166,95107,114803,1993-03-31,34.00,37471.40,0.03,36347.26,1124.14,TRUCK,Low Discount
184166,60294,114803,1993-03-31,35.00,43900.15,0.06,41266.14,2634.01,TRUCK,Medium Discount
184166,152288,114803,1993-03-31,10.00,13402.80,0.02,13134.74,268.06,MAIL,Low Discount
184166,92987,114803,1993-03-31,3.00,5939.94,0.03,5761.74,178.20,FOB,Low Discount
184166,17410,114803,1993-03-31,9.00,11946.69,0.03,11588.29,358.40,SHIP,Low Discount
184166,5068,114803,1993-03-31,34.00,33084.04,0.01,32753.20,330.84,MAIL,Low Discount
184167,60274,34417,1992-09-08,23.00,28388.21,0.05,26968.80,1419.41,AIR,Medium Discount
184167,14823,34417,1992-09-08,26.00,45183.32,0.02,44279.65,903.67,TRUCK,Low Discount
184167,115100,34417,1992-09-08,21.00,23417.10,0.07,21777.90,1639.20,AIR,Medium Discount
184167,71522,34417,1992-09-08,7.00,10454.64,0.01,10350.09,104.55,AIR,Low Discount
184167,70029,34417,1992-09-08,34.00,33966.68,0.02,33287.35,679.33,AIR,Low Discount
184192,98016,14552,1997-02-09,43.00,43602.43,0.01,43166.41,436.02,AIR,Low Discount
184193,32539,68374,1995-11-10,49.00,72104.97,0.01,71383.92,721.05,FOB,Low Discount
184194,99825,132962,1992-07-05,32.00,58394.24,0.09,53138.76,5255.48,MAIL,High Discount
184194,151828,132962,1992-07-05,44.00,82712.08,0.04,79403.60,3308.48,REG AIR,Low Discount
184194,170359,132962,1992-07-05,11.00,15722.85,0.01,15565.62,157.23,TRUCK,Low Discount
184194,15264,132962,1992-07-05,40.00,47170.40,0.06,44340.18,2830.22,RAIL,Medium Discount
184194,133660,132962,1992-07-05,1.00,1693.66,0.09,1541.23,152.43,TRUCK,High Discount
184195,20093,134782,1998-05-17,24.00,24314.16,0.08,22369.03,1945.13,FOB,High Discount
184195,94091,134782,1998-05-17,43.00,46658.87,0.03,45259.10,1399.77,RAIL,Low Discount
184196,179310,114049,1996-09-21,37.00,51404.47,0.04,49348.29,2056.18,TRUCK,Low Discount
184196,46426,114049,1996-09-21,16.00,21958.72,0.10,19762.85,2195.87,TRUCK,High Discount
184196,67362,114049,1996-09-21,27.00,35892.72,0.10,32303.45,3589.27,RAIL,High Discount
184196,139122,114049,1996-09-21,27.00,31350.24,0.09,28528.72,2821.52,RAIL,High Discount
184196,14040,114049,1996-09-21,35.00,33391.40,0.02,32723.57,667.83,FOB,Low Discount
184196,159583,114049,1996-09-21,45.00,73916.10,0.01,73176.94,739.16,MAIL,Low Discount
184197,60634,92374,1993-07-20,11.00,17540.93,0.02,17190.11,350.82,SHIP,Low Discount
184197,73541,92374,1993-07-20,13.00,19689.02,0.07,18310.79,1378.23,TRUCK,Medium Discount
184197,188873,92374,1993-07-20,7.00,13733.09,0.10,12359.78,1373.31,AIR,High Discount
184197,184615,92374,1993-07-20,40.00,67984.40,0.06,63905.34,4079.06,REG AIR,Medium Discount
184197,16997,92374,1993-07-20,33.00,63161.67,0.04,60635.20,2526.47,FOB,Low Discount
184197,52191,92374,1993-07-20,46.00,52586.74,0.10,47328.07,5258.67,MAIL,High Discount
184197,173957,92374,1993-07-20,48.00,97485.60,0.07,90661.61,6823.99,AIR,Medium Discount
184198,92484,24407,1993-10-09,24.00,35435.52,0.05,33663.74,1771.78,FOB,Medium Discount
184198,165473,24407,1993-10-09,45.00,69231.15,0.02,67846.53,1384.62,REG AIR,Low Discount
184198,96288,24407,1993-10-09,20.00,25685.60,0.06,24144.46,1541.14,REG AIR,Medium Discount
184198,101021,24407,1993-10-09,40.00,40880.80,0.05,38836.76,2044.04,MAIL,Medium Discount
184198,56386,24407,1993-10-09,33.00,44298.54,0.03,42969.58,1328.96,FOB,Low Discount
184198,65910,24407,1993-10-09,44.00,82540.04,0.10,74286.04,8254.00,AIR,High Discount
184199,141498,91697,1996-03-15,22.00,33868.78,0.08,31159.28,2709.50,REG AIR,High Discount
184199,153250,91697,1996-03-15,10.00,13032.50,0.09,11859.58,1172.93,FOB,High Discount
184199,59601,91697,1996-03-15,9.00,14045.40,0.03,13624.04,421.36,REG AIR,Low Discount
184199,112251,91697,1996-03-15,11.00,13895.75,0.05,13200.96,694.79,SHIP,Medium Discount
184224,160069,36194,1993-04-05,48.00,54194.88,0.08,49859.29,4335.59,SHIP,High Discount
184224,78211,36194,1993-04-05,30.00,35676.30,0.03,34606.01,1070.29,REG AIR,Low Discount
184224,91023,36194,1993-04-05,2.00,2028.04,0.01,2007.76,20.28,MAIL,Low Discount
184224,11991,36194,1993-04-05,15.00,28544.85,0.05,27117.61,1427.24,MAIL,Medium Discount
184224,124146,36194,1993-04-05,38.00,44465.32,0.05,42242.05,2223.27,AIR,Medium Discount
184224,107105,36194,1993-04-05,18.00,20017.80,0.09,18216.20,1801.60,SHIP,High Discount
184224,113375,36194,1993-04-05,6.00,8330.22,0.01,8246.92,83.30,AIR,Low Discount
184225,91837,53867,1993-01-20,41.00,74982.03,0.02,73482.39,1499.64,AIR,Low Discount
184225,101803,53867,1993-01-20,30.00,54144.00,0.06,50895.36,3248.64,MAIL,Medium Discount
184225,186710,53867,1993-01-20,8.00,14373.68,0.05,13655.00,718.68,AIR,Medium Discount
184225,33999,53867,1993-01-20,8.00,15463.92,0.00,15463.92,0.00,REG AIR,No Promotion
184226,187173,87025,1992-05-16,38.00,47886.46,0.03,46449.87,1436.59,AIR,Low Discount
184226,15417,87025,1992-05-16,19.00,25315.79,0.01,25062.63,253.16,SHIP,Low Discount
184226,100528,87025,1992-05-16,25.00,38213.00,0.10,34391.70,3821.30,FOB,High Discount
184226,162973,87025,1992-05-16,49.00,99762.53,0.08,91781.53,7981.00,FOB,High Discount
184226,81337,87025,1992-05-16,10.00,13183.30,0.03,12787.80,395.50,REG AIR,Low Discount
184226,22681,87025,1992-05-16,22.00,35280.96,0.00,35280.96,0.00,SHIP,No Promotion
184227,111285,127705,1996-05-09,20.00,25925.60,0.07,24110.81,1814.79,MAIL,Medium Discount
184227,152454,127705,1996-05-09,21.00,31635.45,0.07,29420.97,2214.48,MAIL,Medium Discount
184227,80337,127705,1996-05-09,26.00,34250.58,0.00,34250.58,0.00,TRUCK,No Promotion
184227,16504,127705,1996-05-09,44.00,62502.00,0.02,61251.96,1250.04,FOB,Low Discount
184228,22490,117730,1994-12-03,25.00,35312.25,0.02,34606.01,706.25,RAIL,Low Discount
184228,189302,117730,1994-12-03,37.00,51478.10,0.02,50448.54,1029.56,RAIL,Low Discount
184228,190025,117730,1994-12-03,26.00,28990.52,0.02,28410.71,579.81,MAIL,Low Discount
184229,92039,14005,1994-03-15,23.00,23713.69,0.06,22290.87,1422.82,RAIL,Medium Discount
184229,98563,14005,1994-03-15,37.00,57777.72,0.06,54311.06,3466.66,SHIP,Medium Discount
184229,133524,14005,1994-03-15,48.00,74760.96,0.02,73265.74,1495.22,FOB,Low Discount
184230,46871,20318,1998-05-14,41.00,74532.67,0.07,69315.38,5217.29,TRUCK,Medium Discount
184230,149735,20318,1998-05-14,13.00,23201.49,0.08,21345.37,1856.12,TRUCK,High Discount
184230,194248,20318,1998-05-14,42.00,56374.08,0.00,56374.08,0.00,SHIP,No Promotion
184230,113266,20318,1998-05-14,45.00,57566.70,0.00,57566.70,0.00,RAIL,No Promotion
184231,118921,83572,1997-08-07,6.00,11639.52,0.05,11057.54,581.98,TRUCK,Medium Discount
184231,93295,83572,1997-08-07,26.00,33495.54,0.08,30815.90,2679.64,FOB,High Discount
184231,3807,83572,1997-08-07,20.00,34216.00,0.09,31136.56,3079.44,TRUCK,High Discount
184231,182205,83572,1997-08-07,14.00,18020.80,0.06,16939.55,1081.25,SHIP,Medium Discount
184231,109469,83572,1997-08-07,26.00,38439.96,0.05,36517.96,1922.00,REG AIR,Medium Discount
184231,30457,83572,1997-08-07,3.00,4162.35,0.04,3995.86,166.49,AIR,Low Discount
184231,86352,83572,1997-08-07,26.00,34797.10,0.02,34101.16,695.94,FOB,Low Discount
184256,114198,135814,1997-06-26,31.00,37577.89,0.02,36826.33,751.56,MAIL,Low Discount
184256,110703,135814,1997-06-26,44.00,75402.80,0.10,67862.52,7540.28,SHIP,High Discount
184256,169879,135814,1997-06-26,23.00,44824.01,0.00,44824.01,0.00,AIR,No Promotion
184256,143125,135814,1997-06-26,10.00,11681.20,0.03,11330.76,350.44,SHIP,Low Discount
184256,90664,135814,1997-06-26,18.00,29783.88,0.02,29188.20,595.68,SHIP,Low Discount
184256,175132,135814,1997-06-26,14.00,16899.82,0.02,16561.82,338.00,SHIP,Low Discount
184257,199678,73145,1992-10-24,47.00,83550.49,0.00,83550.49,0.00,SHIP,No Promotion
184258,78793,94843,1998-07-16,13.00,23033.27,0.07,21420.94,1612.33,REG AIR,Medium Discount
184258,61742,94843,1998-07-16,31.00,52815.94,0.09,48062.51,4753.43,REG AIR,High Discount
184258,95762,94843,1998-07-16,44.00,77341.44,0.03,75021.20,2320.24,MAIL,Low Discount
184258,59044,94843,1998-07-16,26.00,26079.04,0.06,24514.30,1564.74,SHIP,Medium Discount
184258,151473,94843,1998-07-16,12.00,18293.64,0.09,16647.21,1646.43,SHIP,High Discount
184258,5628,94843,1998-07-16,30.00,46008.60,0.02,45088.43,920.17,TRUCK,Low Discount
184259,84882,104818,1993-11-07,23.00,42938.24,0.08,39503.18,3435.06,SHIP,High Discount
184259,2606,104818,1993-11-07,32.00,48275.20,0.09,43930.43,4344.77,RAIL,High Discount
184259,185857,104818,1993-11-07,40.00,77714.00,0.08,71496.88,6217.12,MAIL,High Discount
184259,86123,104818,1993-11-07,30.00,33273.60,0.03,32275.39,998.21,FOB,Low Discount
184259,58419,104818,1993-11-07,28.00,38567.48,0.06,36253.43,2314.05,AIR,Medium Discount
184259,46307,104818,1993-11-07,6.00,7519.80,0.10,6767.82,751.98,MAIL,High Discount
184259,73819,104818,1993-11-07,35.00,62748.35,0.00,62748.35,0.00,TRUCK,No Promotion
184260,75881,71992,1998-03-30,33.00,61277.04,0.06,57600.42,3676.62,TRUCK,Medium Discount
184260,119644,71992,1998-03-30,6.00,9981.84,0.09,9083.47,898.37,RAIL,High Discount
184260,47600,71992,1998-03-30,34.00,52618.40,0.00,52618.40,0.00,REG AIR,No Promotion
184260,199567,71992,1998-03-30,3.00,4999.68,0.09,4549.71,449.97,MAIL,High Discount
184261,188965,50213,1995-12-02,10.00,20539.60,0.05,19512.62,1026.98,FOB,Medium Discount
184262,32135,19145,1994-05-18,43.00,45886.59,0.05,43592.26,2294.33,REG AIR,Medium Discount
184263,75010,11290,1996-06-06,49.00,48265.49,0.00,48265.49,0.00,TRUCK,No Promotion
184263,92210,11290,1996-06-06,3.00,3606.63,0.02,3534.50,72.13,SHIP,Low Discount
184263,163402,11290,1996-06-06,10.00,14654.00,0.07,13628.22,1025.78,FOB,Medium Discount
184263,88259,11290,1996-06-06,35.00,43653.75,0.03,42344.14,1309.61,TRUCK,Low Discount
184263,152738,11290,1996-06-06,8.00,14325.84,0.00,14325.84,0.00,REG AIR,No Promotion
184263,55432,11290,1996-06-06,35.00,48560.05,0.02,47588.85,971.20,AIR,Low Discount
184263,35647,11290,1996-06-06,20.00,31652.80,0.00,31652.80,0.00,AIR,No Promotion
184288,102345,131179,1997-01-23,7.00,9431.38,0.00,9431.38,0.00,AIR,No Promotion
184288,109818,131179,1997-01-23,16.00,29244.96,0.03,28367.61,877.35,AIR,Low Discount
184288,107799,131179,1997-01-23,2.00,3613.58,0.01,3577.44,36.14,FOB,Low Discount
184288,171886,131179,1997-01-23,40.00,78315.20,0.07,72833.14,5482.06,TRUCK,Medium Discount
184288,73948,131179,1997-01-23,10.00,19219.40,0.04,18450.62,768.78,RAIL,Low Discount
184289,178820,18949,1995-08-17,41.00,77851.62,0.07,72402.01,5449.61,AIR,Medium Discount
184289,26151,18949,1995-08-17,29.00,31237.35,0.05,29675.48,1561.87,REG AIR,Medium Discount
184289,103419,18949,1995-08-17,16.00,22758.56,0.06,21393.05,1365.51,SHIP,Medium Discount
184289,147698,18949,1995-08-17,34.00,59353.46,0.00,59353.46,0.00,TRUCK,No Promotion
184289,145787,18949,1995-08-17,19.00,34822.82,0.09,31688.77,3134.05,FOB,High Discount
184291,146890,44398,1992-04-05,18.00,34864.02,0.07,32423.54,2440.48,AIR,Medium Discount
184291,174260,44398,1992-04-05,19.00,25350.94,0.06,23829.88,1521.06,AIR,Medium Discount
184291,174402,44398,1992-04-05,19.00,28051.60,0.07,26087.99,1963.61,SHIP,Medium Discount
184291,165754,44398,1992-04-05,8.00,14558.00,0.08,13393.36,1164.64,SHIP,High Discount
184291,15844,44398,1992-04-05,1.00,1759.84,0.10,1583.86,175.98,AIR,High Discount
184292,47454,69119,1995-12-22,37.00,51853.65,0.10,46668.29,5185.37,RAIL,High Discount
184293,64047,76459,1993-12-21,35.00,35386.40,0.00,35386.40,0.00,RAIL,No Promotion
184293,24131,76459,1993-12-21,38.00,40094.94,0.06,37689.24,2405.70,AIR,Medium Discount
184293,153245,76459,1993-12-21,25.00,32456.00,0.06,30508.64,1947.36,MAIL,Medium Discount
184293,187910,76459,1993-12-21,14.00,27970.74,0.03,27131.62,839.12,REG AIR,Low Discount
184293,199804,76459,1993-12-21,13.00,24749.40,0.06,23264.44,1484.96,AIR,Medium Discount
184293,96798,76459,1993-12-21,19.00,34101.01,0.07,31713.94,2387.07,RAIL,Medium Discount
184294,164352,144286,1995-10-19,19.00,26910.65,0.02,26372.44,538.21,AIR,Low Discount
184294,50131,144286,1995-10-19,34.00,36758.42,0.07,34185.33,2573.09,RAIL,Medium Discount
184294,140118,144286,1995-10-19,37.00,42850.07,0.05,40707.57,2142.50,TRUCK,Medium Discount
184295,155524,89489,1993-04-15,24.00,37908.48,0.10,34117.63,3790.85,REG AIR,High Discount
184295,83074,89489,1993-04-15,46.00,48625.22,0.02,47652.72,972.50,SHIP,Low Discount
184295,14356,89489,1993-04-15,39.00,49543.65,0.09,45084.72,4458.93,REG AIR,High Discount
184295,67441,89489,1993-04-15,13.00,18309.72,0.00,18309.72,0.00,FOB,No Promotion
184320,88267,132571,1994-03-22,36.00,45189.36,0.02,44285.57,903.79,MAIL,Low Discount
184320,98909,132571,1994-03-22,16.00,30526.40,0.08,28084.29,2442.11,FOB,High Discount
184320,160393,132571,1994-03-22,29.00,42148.31,0.06,39619.41,2528.90,MAIL,Medium Discount
184322,44092,34310,1996-10-01,9.00,9324.81,0.03,9045.07,279.74,TRUCK,Low Discount
184322,38052,34310,1996-10-01,43.00,42572.15,0.04,40869.26,1702.89,REG AIR,Low Discount
184323,136454,46400,1996-03-15,21.00,31299.45,0.01,30986.46,312.99,AIR,Low Discount
184323,166440,46400,1996-03-15,19.00,28622.36,0.06,26905.02,1717.34,SHIP,Medium Discount
184323,141431,46400,1996-03-15,10.00,14724.30,0.06,13840.84,883.46,TRUCK,Medium Discount
184323,19721,46400,1996-03-15,14.00,22970.08,0.07,21362.17,1607.91,AIR,Medium Discount
184323,36671,46400,1996-03-15,7.00,11253.69,0.00,11253.69,0.00,RAIL,No Promotion
184324,79429,142162,1993-01-24,15.00,21126.30,0.05,20069.99,1056.32,MAIL,Medium Discount
184324,152632,142162,1993-01-24,23.00,38746.49,0.01,38359.03,387.46,SHIP,Low Discount
184324,71898,142162,1993-01-24,38.00,71055.82,0.09,64660.80,6395.02,FOB,High Discount
184325,44624,102899,1994-05-02,39.00,61176.18,0.08,56282.09,4894.09,RAIL,High Discount
184326,83096,69151,1996-10-04,24.00,25898.16,0.00,25898.16,0.00,SHIP,No Promotion
184326,183577,69151,1996-10-04,4.00,6642.28,0.10,5978.05,664.23,SHIP,High Discount
184326,173057,69151,1996-10-04,46.00,51982.30,0.02,50942.65,1039.65,SHIP,Low Discount
